ts	phase	decision	why	evidence	result
2026-10-05T06:26:22Z	frame	keep the internal key as the int handle, not the UUID	the journal changes, parquet columns, nanashi_cell_change coords and workspace conflicts already use handles; UUID keys would change all of those formats	journal.py:119-203, engine.py:295, pg_journal nanashi_cell_change	decided
2026-10-05T06:26:22Z	frame	captured the test baseline before any change	so each unit compares against the old result	tests.parallel reference: 756 tests, 42 skipped	baseline
2026-10-05T06:28:44Z	design	split the work into 6 units, each green on both engines: metrics, dimensions+properties, members, persistence, server, api	each unit changes one kind of key, so a break shows at the unit that caused it	.audit/issue-68-design.md	planned
2026-10-05T06:28:44Z	design	keep the public Python API name-based and also accept int handles	about 295 test calls use names; the server can pass handles	.audit/issue-68-design.md	planned
2026-10-05T06:28:44Z	U1	gave unit 1 (metrics by handle) to a fresh subagent	the change crosses every module; the main thread keeps review and the gates	agent run, no commit yet	open
2026-10-05T06:31:27Z	design	changed the internal key from the int handle to the UUID; supersedes the first frame row	the operator ruled out change cost; on benefit one id everywhere removes the map layer, is fork-safe and lets api read the journal	scratchpad keys.py: maps 59 MB vs 183 MB, boundary lookup 37.7 vs 52.2 ms, internal lookup 34.1 vs 14.1 ms per 100k	decided
2026-10-05T06:31:27Z	U1	stopped the unit 1 run before it wrote anything	it was built on handle keys	git status clean	restarted with UUID keys
2026-10-05T06:34:03Z	design	make the Model API id-only and move name lookup to a separate facade; keep an id-then-name bridge only during units 1-3	the reason for a name API was test churn, which the operator ruled out as a criterion; one argument should have one meaning	.audit/issue-68-design.md	decided
2026-10-05T07:04:21Z	U1	committed unit 1: Metrics keyed by UUID, bind at definition, rename_metric attribute-only	gates re-run in the main thread, not taken from the agent report	commit 30bb767; reference and rust 764 tests, 42 skipped; pyflakes clean	tests green
2026-10-05T07:04:21Z	U1	accepted strict bind: a formula cannot name a Metric that does not exist yet; cycles define a placeholder input first, then redefine by id	the issue asks to resolve names at definition; journal replay and storage load define in two passes	journal.py _define, storage.py read, test_incremental fixture	accepted
2026-10-05T07:34:37Z	U2	committed unit 2: dimensions and properties keyed by UUID, rename_dimension and rename_property	gates re-run in the main thread	commit 874d503; reference and rust 774 tests, 42 skipped; pyflakes clean	tests green
2026-10-05T07:34:37Z	U2	Rust DimInfo.name now holds the dim id; Python shows the current name	no Rust change, and Rust errors stay correct after a rename	rust_engine.py add_dim, Model._shown_params	accepted
2026-10-05T08:48:26Z	U3	committed unit 3: members keyed by UUID, rename_member attribute-only	gates re-run in the main thread after clearing __pycache__	commit 33935c4; reference and rust 788 tests, 42 skipped; pyflakes clean	tests green
2026-10-05T08:48:26Z	U3	found and fixed examples/fpa.py --show, broken since unit 2 and not covered by tests	the agent reported it; ran the example to confirm	python -m examples.fpa --show	fixed
2026-10-05T08:48:26Z	U3	accepted a slower public value() for now: 2.12 ms to 4.5 ms for 2842 cells	the second pass turns member ids into names; unit 5 returns ids and removes the pass	bench_reads.py --size small, rust, agent measurement	open until unit 5
2026-10-05T09:19:34Z	U4	committed unit 4: handles deleted; journal, model.json, parquet and cell history use UUIDs; formulas stored as an id AST	gates re-run in the main thread, plus failover, cargo, clippy and router tests	commit 6d2ff58; reference and rust 798 tests, 42 skipped; cargo ok; clippy clean; failover each write once; router go test ok	tests green
2026-10-05T09:19:34Z	U4	accepted text, not uuid, for the PG id columns, and two text columns for member values in the cell history	the engine compares ids as strings and accepts any non-empty id; numbers stay typed in SQL	pg_journal.py migration 3	accepted
